A000001,Amazzon Inc.,(206) 352-6945,Amazz@gmail.com
C234524,Career XML,(808) 485-7289,Caree@gmail.com
D000001,Dansell Co.,(303) 680-2495,Danse@gmail.com
D038573,Denver Broncos,(303) 669-3214,Denve@gmail.com
D467456,Daniel Marshall,(610) 583-9050,Danie@gmail.com
D999234,Denver City,(303) 681-1039,Denve@gmail.com
E342342,EduFair,(605) 039-5823,EduFa@gmail.com
F000001,Federico Washington,(907) 227-8595,Feder@gmail.com
G000001,Gordon Ramsay,(523) 568-3949,Gordo@gmail.com
J837462,John Smith,(907) 034-9593,John @gmail.com
L000001,Lemon Inc.,(958) 023-9583,Lemon@gmail.com
R948374,Randy,(839) 249-8383,Randy@gmail.com
S000001,Steve Rogers,(214) 490-2304,Steve@gmail.com
S000002,Study2U,(302) 934-8539,Study@gmail.com
S000003,Skaters Inc.,(305) 923-8503,Skate@gmail.com
T000001,Taylor CORP,(305) 912-0430,Taylo@gmail.com
T245978,Trey Parker,(532) 462-0348,Trey @gmail.com
V000001,Vladimir Woodcock,(734) 348-5934,Vladi@gmail.com
