CB839,Clair,Belle,C.Belle@gmail.com,(907) 237-2322
CC566,Conway,Chris,C.Chris@gmail.com,(837) 239-4234
DM839,Darrell,Moran,D.Moran@gmail.com,(612) 349-5834
DW466,Dimitrius,Wells,D.Wells@gmail.com,(303) 235-3482
GM001,Greg,Michael,G.Micha@gmail.com,(303) 974-7473
GM002,Greg,Muller,G.Mulle@gmail.com,(720) 004-7364
GS930,Greg,Sanders,G.Sande@gmail.com,(720) 587-8883
HT001,Hardy,Tom,H.Tom@gmail.com,(303) 129-4283
HT002,Hirohito,Toyoda,H.Toyod@gmail.com,(907) 238-9384
JG001,John,Gracier,J.Graci@gmail.com,(808) 223-4853
JS001,Jackson,Skyler,J.Skyle@gmail.com,(305) 864-7554
KP827,Kelly,Phillips,K.Phill@gmail.com,(808) 594-8375
MN001,Michel,Nassar,M.Nassa@gmail.com,(650) 345-8734
MS001,Michael,Samii,M.Samii@gmail.com,(283) 723-9482
MS456,Michael,Smith,M.Smith@gmail.com,(934) 394-3943
PM001,Peter,Muller,P.Mulle@gmail.com,(439) 334-5244
SK877,Samuel,Karani,S.Karan@gmail.com,(349) 583-0494
TA938,Tim,Allen,T.Allen@gmail.com,(907) 848-2394
VB554,Vanessa,Baaklini,V.Baakl@gmail.com,(202) 434-4645
WC001,Wei Wei,Chi,W.Chi@gmail.com,(206) 349-3056
