AM8878,Alex,Brem,160.00,A.Brem@gmail.com
BN0001,Bryan,Jackson,160.00,B.Jacks@gmail.com
CH0021,Clooney,Hannah,160.00,C.Hanna@gmail.com
CN0001,Craig,Gordon,160.00,C.Gordo@gmail.com
DK9483,Donald,Duck,240.00,D.Duck@gmail.com
DP8483,Donald,Trump,160.00,D.Trump@gmail.com
GB4599,Gary,Gerb,160.00,G.Gerb@gmail.com
HN2134,Hormann,Kevin,160.00,H.Kevin@gmail.com
HY0001,Harry,May,160.00,H.May@gmail.com
LL0001,Lila,Ball,160.00,L.Ball@gmail.com
LR0001,Leslie,Trucker,160.00,L.Truck@gmail.com
MA2343,Michael,Azazel,160.00,M.Azaze@gmail.com
MT0001,Marty,Knight,160.00,M.Knigh@gmail.com
PA7785,Pim,Pimjuta,160.00,P.Pimju@gmail.com
PE0001,Panela,Rose,160.00,P.Rose@gmail.com
PT0001,Paula,Bennett,160.00,P.Benne@gmail.com
RM9438,Rick,Santorum,240.00,R.Santo@gmail.com
SS0001,Simon,Powers,160.00,S.Power@gmail.com
SS2343,Simon,Jones,160.00,S.Jones@gmail.com
VS0001,Viola,Morales,160.00,V.Moral@gmail.com
