ClairBelle,ClairBellepass,Executive
ConwayChris,ConwayChrispass,Executive
DarrellMoran,DarrellMoranpass,Executive
DimitriusWells,DimitriusWellspass,MiddleManager
GregMichael,GregMichaelpass,MiddleManager
GregMuller,GregMullerpass,MiddleManager
GregSanders,GregSanderspass,MiddleManager
HardyTom,HardyTompass,MiddleManager
HirohitoToyoda,HirohitoToyodapass,MiddleManager
JohnGracier,JohnGracierpass,MiddleManager
JacksonSkyler,JacksonSkylerpass,MiddleManager
KellyPhillips,KellyPhillipspass,MiddleManager
MichelNassar,MichelNassarpass,MiddleManager
MichaelSamii,MichaelSamiipass,MiddleManager
MichaelSmith,MichaelSmithpass,MiddleManager
PeterMuller,PeterMullerpass,MiddleManager
SamuelKarani,SamuelKaranipass,MiddleManager
TimAllen,TimAllenpass,MiddleManager
VanessaBaaklini,VanessaBaaklinipass,MiddleManager
Wei WeiChi,Wei WeiChipass,MiddleManager
